Id,Label,modularity_class
AgusYudhoyono,AgusYudhoyono,6
HincaPandjaitanXIII,HincaPandjaitanXIII,6
Harian Kompas,Harian Kompas,9
Yan A. Harahap,Yan A. Harahap,6
AliLubisACTA,AliLubisACTA,14
HabiburokhmanJktTimur,HabiburokhmanJktTimur,14
AnggaPutraF,AnggaPutraF,0
Spirit FREE PALESTINE,Spirit FREE PALESTINE,0
eldi,eldi,0
Arie_Kriting,Arie_Kriting,5
Ismail Fahmi,Ismail Fahmi,5
ArsjadRasjid,ArsjadRasjid,1
Rizmaya,Rizmaya,1
Prasetyo Edi Marsudi,Prasetyo Edi Marsudi,1
Ganjar Pranowo,Ganjar Pranowo,1
BangPino__,BangPino__,5
BurhanMuhtadi,BurhanMuhtadi,0
Ainun Najib,Ainun Najib,0
CNNIndonesia,CNNIndonesia,14
Dudy Rudianto,Dudy Rudianto,14
Partai Demokrat,Partai Demokrat,14
DPP_PKB,DPP_PKB,9
DPW PKB Jateng,DPW PKB Jateng,9
DPW PKB DKI JAKARTA,DPW PKB DKI JAKARTA,9
Sahabat Mba Nad,Sahabat Mba Nad,9
N A O L,N A O L,9
atheistan,atheistan,9
Balad AMIN Simalungun,Balad AMIN Simalungun,9
DPP_PPP,DPP_PPP,1
DivHumas_Polri,DivHumas_Polri,6
Kemhan RI,Kemhan RI,6
SOERYAW4DI,SOERYAW4DI,5
Polres Kediri,Polres Kediri,6
sarjono bregas,sarjono bregas,5
ANDIKA,ANDIKA,6
Fahrihamzah,Fahrihamzah,2
Partai Gelora Indonesia,Partai Gelora Indonesia,2
KOMPAS TV,KOMPAS TV,2
Ganjar_Mahfud,Ganjar_Mahfud,3
Noni Jovana,Noni Jovana,3
Angelica Zee,Angelica Zee,3
Gerindra,Gerindra,12
Andre Rosiade,Andre Rosiade,14
Fadiyah Alkaff,Fadiyah Alkaff,6
Romi yuli,Romi yuli,0
Negri Seterah,Negri Seterah,12
Partai Medsos,Partai Medsos,12
GreenpeaceID,GreenpeaceID,1
Greenpeace International,Greenpeace International,1
DARKIE NKRI,DARKIE NKRI,1
IDNTimes,IDNTimes,5
unilubis,unilubis,5
Jokowi,Jokowi,14
Prabowo Gibran,Prabowo Gibran,14
Kurawal Foundation,Kurawal Foundation,14
METRO TV,METRO TV,4
KPU_ID,KPU_ID,4
Chusnul chotimah,Chusnul chotimah,4
Aria Bima,Aria Bima,4
andiebs,andiebs,4
guru SMK,guru SMK,4
GVM,GVM,4
Greenpeace Indonesia,Greenpeace Indonesia,5
Kemhan_RI,Kemhan_RI,6
Laksmi,Laksmi,6
KompasData,KompasData,1
Kompas Data,Kompas Data,1
Kompas Muda,Kompas Muda,1
KompasTV,KompasTV,14
1 Juta Kentongan Perubahan,1 Juta Kentongan Perubahan,14
ListyoSigitP,ListyoSigitP,5
Abdu_rahman,Abdu_rahman,5
MIrvanDarwin1,MIrvanDarwin1,12
MariaAlcaff,MariaAlcaff,0
M.elbanan,M.elbanan,0
TEH TJEMPLUNG,TEH TJEMPLUNG,0
Mdy_Asmara1701,Mdy_Asmara1701,0
ProjectGenX,ProjectGenX,0
Metro_TV,Metro_TV,14
Maudy Asmara,Maudy Asmara,9
MorphoMenelausX,MorphoMenelausX,5
Yuki Prisma Anastasya,Yuki Prisma Anastasya,5
Neo Historia Indonesia,Neo Historia Indonesia,5
NasDem,NasDem,4
Niko Efriza Marplin,Niko Efriza Marplin,4
Reza ZT,Reza ZT,4
PDI_Perjuangan,PDI_Perjuangan,12
Dini PoedjiHardianti,Dini PoedjiHardianti,12
narkosun,narkosun,1
A Muhaimin Iskandar,A Muhaimin Iskandar,12
inilahcom,inilahcom,12
Nella G Tobing,Nella G Tobing,12
"DMS 102,7 FM Ambon,""DMS 102,7 FM Ambon"",12"
mas NO pasukan penguin,mas NO pasukan penguin,12
PDemokrat,PDemokrat,6
Agus Harimurti Yudhoyono,Agus Harimurti Yudhoyono,6
Rulie Maulana,Rulie Maulana,6
PKSejahtera,PKSejahtera,9
Gus Choy Markochoy,Gus Choy Markochoy,9
Eva Sri Diana Chaniago,Eva Sri Diana Chaniago,9
PTPAL_INDONESIA,PTPAL_INDONESIA,6
Pak_JK,Pak_JK,4
Billyariez,Billyariez,4
Teddy Gusnaidi,Teddy Gusnaidi,14
Paltiwest,Paltiwest,1
Denny Siregar,Denny Siregar,1
peter hari,peter hari,1
PartaiSocmed,PartaiSocmed,5
Uyok,Uyok,5
aribowo santosa,aribowo santosa,5
Poltek_UnhanRI,Poltek_UnhanRI,6
Prabowo,Prabowo,14
hariqo satria,hariqo satria,14
Miss Tweet,Miss Tweet,14
DPP PAN,DPP PAN,14
Seputar AHY,Seputar AHY,14
Erick Thohir,Erick Thohir,14
Prasthama_,Prasthama_,7
Rendi Muhammad,Rendi Muhammad,7
Puspen_TNI,Puspen_TNI,6
Dumdum,Dumdum,6
Jhon Sitorus,Jhon Sitorus,6
SBYudhoyono,SBYudhoyono,6
SumitroYoel,SumitroYoel,0
yu sing,yu sing,0
Lorong Waktu,Lorong Waktu,0
King Purwa,King Purwa,0
Joel Picard,Joel Picard,0
TwitterID,TwitterID,8
Mahfud MD,Mahfud MD,8
kopigama (Komunikasi Pencinta Ganjar Mahfud),kopigama (Komunikasi Pencinta Ganjar Mahfud),8
UbahBareng,UbahBareng,0
Iman Sjafei,Iman Sjafei,0
VOICE OF PKB,VOICE OF PKB,0
Unhan_RI,Unhan_RI,6
YLBHI,YLBHI,4
Andreas Harsono,Andreas Harsono,4
KBR,KBR,4
YouTube,YouTube,0
Nur Hidayat Sardini,Nur Hidayat Sardini,0
Nurdin Hasan,Nurdin Hasan,0
TribunBanten.com,TribunBanten.com,0
YouTubeTranslat,YouTubeTranslat,0
Jimly Asshiddiqie,Jimly Asshiddiqie,0
Imam Shamsi Ali,Imam Shamsi Ali,0
Patra M Zen,Patra M Zen,0
Yurissa_Samosir,Yurissa_Samosir,5
_TNIAL_,_TNIAL_,6
_TNIAU,_TNIAU,6
aagym,aagym,12
DPP PKB,DPP PKB,12
abdelachrian,abdelachrian,0
Anies Rasyid Baswedan,Anies Rasyid Baswedan,0
Bilal I E Riselio,Bilal I E Riselio,0
adityawilly,adityawilly,9
Partai NasDem,Partai NasDem,9
alaihomgambreng,alaihomgambreng,0
aniesbaswe,aniesbaswe,4
frans simo,frans simo,4
aniesbaswedan,aniesbaswedan,9
EGI HAW,EGI HAW,14
nephilaXmus,nephilaXmus,4
Irvi Aini,Irvi Aini,1
Elisa,Elisa,9
DPP PKS,DPP PKS,9
Roy Murtadho,Roy Murtadho,14
Shinta Effendi,Shinta Effendi,9
People Power,People Power,1
Chairol Yoi,Chairol Yoi,9
Nanti Kita Sambat Tentang Hari Ini,Nanti Kita Sambat Tentang Hari Ini,9
itbyhld,itbyhld,9
Txt dari Kuliner,Txt dari Kuliner,9
Agung prihatna,Agung prihatna,9
Dosen Kesayanganmu,Dosen Kesayanganmu,1
Akbar Faizal,Akbar Faizal,9
ajengcute16,ajengcute16,9
Warih Aji Pamungkas,Warih Aji Pamungkas,14
Fandika Okdiba,Fandika Okdiba,1
Ahmad Syaikhu,Ahmad Syaikhu,9
Erasmus Napitupulu,Erasmus Napitupulu,14
Ida,Ida,9
Alanda Kariza,Alanda Kariza,9
Rendra Prasetya,Rendra Prasetya,0
Monica,Monica,1
AKBAR RIFKY,AKBAR RIFKY,9
Iqbal Farabi,Iqbal Farabi,1
Muhammad Amrullah,Muhammad Amrullah,9
MHD,MHD,9
Budi Kurniawan,Budi Kurniawan,9
LANGKAH ANIES Serius Tenang Tuntas,LANGKAH ANIES Serius Tenang Tuntas,9
Allan Nairn,Allan Nairn,14
medcom_id,medcom_id,1
Pendukung Anies,Pendukung Anies,9
SiPeNutur,SiPeNutur,9
suaradotcom,suaradotcom,1
Cecep Kholiludin,Cecep Kholiludin,9
Marlina mawar,Marlina mawar,9
AMINajadulu,AMINajadulu,9
Mc Magel,Mc Magel,9
REZIM TAMAK PASTI JATUH,REZIM TAMAK PASTI JATUH,12
Pocut Sarina Kawom,Pocut Sarina Kawom,9
Stevaniehuangg,Stevaniehuangg,9
Zzzeen,Zzzeen,9
akhmad sahal,akhmad sahal,0
Sigit D. Wisnu,Sigit D. Wisnu,9
Official NusantaraTv,Official NusantaraTv,9
Fortis Est Veritas,Fortis Est Veritas,0
Ahmad Rizky M. Umar,Ahmad Rizky M. Umar,9
Coach Axdwin Indonesia,Coach Axdwin Indonesia,9
Katadata.co.id,Katadata.co.id,1
Charles Meikyansah,Charles Meikyansah,9
Abdurrahim Arsyad,Abdurrahim Arsyad,9
Angga PF,Angga PF,9
Salim A. Fillah,Salim A. Fillah,9
Fraksi PKS DPR RI,Fraksi PKS DPR RI,9
Indonesia Lawyers Club,Indonesia Lawyers Club,14
Muhammad Said Didu,Muhammad Said Didu,1
pandawalima,pandawalima,9
DPC PKB JAKARTA SELATAN,DPC PKB JAKARTA SELATAN,9
Lambe Waras,Lambe Waras,9
MasBRO,MasBRO,9
Zainul Munasichin,Zainul Munasichin,9
Bagus Muljadi,Bagus Muljadi,9
Usamah Abdul Aziz,Usamah Abdul Aziz,9
Angger Putranto,Angger Putranto,14
Jibran Najib Sajid,Jibran Najib Sajid,9
Dede Budhyarto,Dede Budhyarto,1
Feri Susanto,Feri Susanto,9
HAJILOS,HAJILOS,9
Andri Munajat,Andri Munajat,1
Erdi Pratama,Erdi Pratama,9
Fahmi,Fahmi,9
Ali Lubis,Ali Lubis,9
Call Me Bur,Call Me Bur,1
Hasbil Mustaqim Lubis,Hasbil Mustaqim Lubis,9
Cut Fadilah,Cut Fadilah,9
Sutami Bakri,Sutami Bakri,9
Rangga,Rangga,9
Anas Ismail,Anas Ismail,1
Indra J Piliang,Indra J Piliang,14
Fauzan Al-Rasyid,Fauzan Al-Rasyid,14
Mazzini,Mazzini,0
UpD,UpD,9
Sir Gun,Sir Gun,9
OLVAH ALHAMID CALON MENTERI AAMIIN3X,OLVAH ALHAMID CALON MENTERI AAMIIN3X,9
Difabilitas NoPecundang,Difabilitas NoPecundang,9
Ubah Bareng,Ubah Bareng,9
kumparan,kumparan,5
tempo.co,tempo.co,14
Dokter Tifa,Dokter Tifa,14
DPN BALAD AMIN,DPN BALAD AMIN,9
Yoel K. Sumitro,Yoel K. Sumitro,9
Lalu Suryade,Lalu Suryade,9
Ronnie H. Rusli. MS. PhD.,Ronnie H. Rusli. MS. PhD.,14
Papa Loren,Papa Loren,9
Rachman Adja,Rachman Adja,9
kang herry z,kang herry z,9
iidideal,iidideal,12
Yanti,Yanti,1
Sergiyuuu,Sergiyuuu,9
Pak D,Pak D,9
Tukang Sayur,Tukang Sayur,9
Dharul Fitrah,Dharul Fitrah,14
Ratna Juwita Sari,Ratna Juwita Sari,9
Pemburu Kecil,Pemburu Kecil,9
MasBRO,MasBRO,9
Dyna Trian Dewi,Dyna Trian Dewi,9
Abdilla,Abdilla,9
Muhammad Assaewad,Muhammad Assaewad,15
Bang Andi Abul Muzaffar,Bang Andi Abul Muzaffar,9
Guinevere,Guinevere,9
DEWO LUCKY,DEWO LUCKY,9
Risky parmana Putra,Risky parmana Putra,9
Jarnas Beraksi,Jarnas Beraksi,9
"Dr Sugih Haryati, SH, M.Kn,""Dr Sugih Haryati, SH, M.Kn"",9"
F_Fathur journalist F3Stragic,F_Fathur journalist F3Stragic,9
iw,iw,9
Hanum Salsabiela Rais,Hanum Salsabiela Rais,14
Imre Nagi AsalBukanPrabowo,Imre Nagi AsalBukanPrabowo,1
nok,nok,9
Fulto,Fulto,9
ET Hadi Saputra,ET Hadi Saputra,1
Gerilyawan Kota,Gerilyawan Kota,9
pradipta rex,pradipta rex,9
coba coba budi,coba coba budi,9
DwiOktariyadi,DwiOktariyadi,9
opooposihsi007,opooposihsi007,9
Dul Kroak,Dul Kroak,9
Anies Mania,Anies Mania,0
Bayo Suti,Bayo Suti,9
The Panturas,The Panturas,14
Taufik Akang,Taufik Akang,9
Gita,Gita,9
Grady Nagara,Grady Nagara,9
Indra Charismiadji,Indra Charismiadji,9
Garda Pemuda NasDem,Garda Pemuda NasDem,9
Ivoox Indonesia,Ivoox Indonesia,9
Imre Nagi,Imre Nagi,9
relawanamin2024,relawanamin2024,12
Master of Puppets,Master of Puppets,9
AREA JULID,AREA JULID,12
Mister Bayam,Mister Bayam,9
Dedy Nur,Dedy Nur,1
La Arpan,La Arpan,9
Republika.co.id,Republika.co.id,12
yshmne,yshmne,9
Ferry Koto,Ferry Koto,9
LilisMbokEwett,LilisMbokEwett,9
aniesbaswedanTr,aniesbaswedanTr,10
Katak Pembina,Katak Pembina,10
ArahSalahBaru,ArahSalahBaru,10
aniesbubble,aniesbubble,12
Kompas.com,Kompas.com,12
nTo,nTo,12
aniesmania,aniesmania,0
bahlillahadalia,bahlillahadalia,4
MuslikhM,MuslikhM,4
basuki_btp,basuki_btp,1
Yunantyo Yas,Yunantyo Yas,1
Fersau D. caltin,Fersau D. caltin,1
Ary Prasetyo,Ary Prasetyo,1
bawaslu_RI,bawaslu_RI,4
kopididid,kopididid,4
banyuwangi.viva.co.id,banyuwangi.viva.co.id,4
MUSTOFA NAHRA,MUSTOFA NAHRA,4
bengkeldodo,bengkeldodo,14
Jihadi Jaksel,Jihadi Jaksel,14
Nana,Nana,14
berlianidris,berlianidris,0
budimandjatmiko,budimandjatmiko,4
Septian Raharjo,Septian Raharjo,4
cakimiNOW,cakimiNOW,9
DPC PKB JEMBER,DPC PKB JEMBER,9
barbut,barbut,9
Idham Arsyad,Idham Arsyad,9
DANIEL JOHAN,DANIEL JOHAN,9
ANTI DINASTI,ANTI DINASTI,9
jenana,jenana,9
Free Palestine,Free Palestine,9
Reggy,Reggy,0
Dimas Fadhil Fikri,Dimas Fadhil Fikri,9
andreas marbun,andreas marbun,14
Ayang Utriza Yakin,Ayang Utriza Yakin,9
Zen RS,Zen RS,14
Fajar Nugros,Fajar Nugros,9
ABDUL HALIM ISKANDAR,ABDUL HALIM ISKANDAR,9
gus cak imiw,gus cak imiw,9
Sutan Mangara Harahap,Sutan Mangara Harahap,9
Mahmud Syaltout,Mahmud Syaltout,9
Rakhmat Gunawan,Rakhmat Gunawan,9
Luluk Hamidah,Luluk Hamidah,9
DPW PKB JAWA TIMUR,DPW PKB JAWA TIMUR,9
janetezÓ,janetezÓ,9
Adam Susanoo,Adam Susanoo,9
bee,bee,9
Zakki,Zakki,9
Rumail Abbas,Rumail Abbas,1
JST,JST,9
TriyanTyan,TriyanTyan,9
Baskara Putra Hindia,Baskara Putra Hindia,9
LibraLuv,LibraLuv∏è,9
Farida Farichah,Farida Farichah,9
Bumi Nusantara,Bumi Nusantara,9
DinamitBMW,DinamitBMW,9
Reswara Syailendra,Reswara Syailendra,9
ARIE KRITING,ARIE KRITING,9
Radesa,Radesa,9
Pujo Jati,Pujo Jati,9
Lilimon,Lilimon,9
sidiq,sidiq,0
Januar the sinner,Januar the sinner,1
Ramin R AMIN,Ramin R AMIN,9
Fraksi PKB DPR RI,Fraksi PKB DPR RI,9
PresidenBekas,PresidenBekas,9
222 Mountains For Palestine,222 Mountains For Palestine,9
Dyah,Dyah,9
Iis Kuraesin,Iis Kuraesin,9
po_afo,po_afo,9
The Killing Joke,The Killing Joke,9
AMIN NOMOR 1,AMIN NOMOR 1,9
HANSMA'RUF,HANSMA'RUF,9
Yon 06,Yon 06,9
Sendhal Jepit,Sendhal Jepit,9
m waliyul hakim,m waliyul hakim,9
NTB_INDONESIA,NTB_INDONESIA,9
Mas Alfin Chusnul,Mas Alfin Chusnul,9
Monata,Monata,9
Teguh_Sejati,Teguh_Sejati,9
MangElonBageur,MangElonBageur,9
Maghfuri Ridlwan,Maghfuri Ridlwan,9
zidane,zidane,9
tong_sologoto,tong_sologoto,9
Salman Al Farizi,Salman Al Farizi,9
Christopher Jaya Wiguna,Christopher Jaya Wiguna,9
Sukma,Sukma,9
Kopi_robusta,Kopi_robusta,9
Farid,Farid,9
Taufik Nurrohim,Taufik Nurrohim,9
Ricky Habibulloh,Ricky Habibulloh,12
Arina Yasmine,Arina Yasmine,9
Free Palestine,Free Palestine,9
Bosman Batubara,Bosman Batubara,9
tatak ujiyati,tatak ujiyati,9
Olivia Nieke Yuliane,Olivia Nieke Yuliane,9
juanjune1998,juanjune1998,9
Ricky Garing,Ricky Garing,9
Yasir Muhammad,Yasir Muhammad,9
friezchka,friezchka,9
FIGHTER FOR LIFE,FIGHTER FOR LIFE,9
Agus AS,Agus AS,9
Putra Erlangga,Putra Erlangga,9
Romitsu Top,Romitsu Top,9
ngehe,ngehe,1
maga laksana,maga laksana,9
SyabillalNovian,SyabillalNovian,9
berharap perubahan,berharap perubahan,5
AyatuArmad,AyatuArmad,9
maulana,maulana,9
Satu Sobat Yang Setia,Satu Sobat Yang Setia,9
agungtri,agungtri,9
arie putra,arie putra,9
TIRTA,TIRTA,5
Institute for Essential Services Reform,Institute for Essential Services Reform,14
Trend Asia,Trend Asia,14
Yepry Rinaldi Banten,Yepry Rinaldi Banten,9
Riefat Dhaniswara,Riefat Dhaniswara,9
Anggara Natura,Anggara Natura,9
Agus,Agus,9
Aslam,Aslam,9
Backpacker Indonesia,Backpacker Indonesia,9
Sukitman Sudjatmiko,Sukitman Sudjatmiko,12
Nurse,Nurse,9
cakimiNOWTran,cakimiNOWTran,9
cakimiNOWTrans,cakimiNOWTrans,9
abahe naila,abahe naila,9
cakiminow,cakiminow,12
dahlan_muhidin,dahlan_muhidin,14
defend_id,defend_id,6
ekowboy2,ekowboy2,5
elisa_jkt,elisa_jkt,0
erickthohir,erickthohir,0
Korban Ceklist Satu,Korban Ceklist Satu,0
Republik Cyber Projo,Republik Cyber Projo,0
ernestprakasa,ernestprakasa,12
fatihandika,fatihandika,0
ganjar_pranowo,ganjar_pranowo,1
Sandiaga Salahuddin Uno,Sandiaga Salahuddin Uno,1
ganjarpranow,ganjarpranow,1
Arsjad Rasjid,Arsjad Rasjid,1
ganjarpranowo,ganjarpranowo,1
SINDOnews,SINDOnews,1
Okezone,Okezone,1
iNews,iNews,1
SeputariNewsRCTI,SeputariNewsRCTI,1
Ganjar Mahfud Menang,Ganjar Mahfud Menang,1
Salsa manise,Salsa manise,1
Cyril Raoul Hakim,Cyril Raoul Hakim,1
Bang Acan,Bang Acan,1
GUSTAVO BERRIO HERRE,GUSTAVO BERRIO HERRE,1
TRENDING ISSUE,TRENDING ISSUE,1
De Houtman,De Houtman,1
Ganjar Mahfud App,Ganjar Mahfud App,1
BOSS GANJAR OFFICIAL,BOSS GANJAR OFFICIAL,1
arryanea,arryanea,1
DPP PPP,DPP PPP,1
iNews.id,iNews.id,1
SERUAN H7,SERUAN H7,1
E I L I T H I A,E I L I T H I A,1
Pakar INTELek,Pakar INTELek,1
Sidhant Singh Rajput,Sidhant Singh Rajput,1
Kr1sN4 Ad1,Kr1sN4 Ad1,1
Jeni_Ly again,Jeni_Ly again,1
Marhaenis Muhammadiyah,Marhaenis Muhammadiyah,14
sumantri suwarno,sumantri suwarno,1
d o c t o r f a b r e ??,d o c t o r f a b r e ??,1
RCTI+,RCTI+,1
Ken Hans,Ken Hans,1
Jax,Jax,1
TPN Ganjar Mahfud,TPN Ganjar Mahfud,1
Abigail,Abigail,1
Adjis,Adjis,1
b3doel,b3doel,1
Sam Setiawan,Sam Setiawan,1
zhil,zhil,1
Bulan,Bulan,4
Den mash ngopi,Den mash ngopi,1
elang chatulistiwa,elang chatulistiwa,1
Negeriku,Negeriku,1
Santorini,Santorini,1
Tn Muda,Tn Muda,1
Selalu ceria,Selalu ceria,1
Partai Demokrat Wonogiri,Partai Demokrat Wonogiri,1
Lintas iNews MNCTV,Lintas iNews MNCTV,1
Aries Reborn,Aries Reborn,1
Fuad L,Fuad L,1
Kopi Sutra,Kopi Sutra,1
Tondi,Tondi,1
Rumah Aspirasi Ganjar Mahfud,Rumah Aspirasi Ganjar Mahfud,1
joncy Jonacta,joncy Jonacta,1
Komisi Wasit,Komisi Wasit,14
PDI Perjuangan,PDI Perjuangan,1
Faza Meonk,Faza Meonk,1
Extra Time Indonesia,Extra Time Indonesia,1
Gibran Rak Piring Rak perkakas,Gibran Rak Piring Rak perkakas,1
2045 TV,2045 TV,1
Bryan Dodd,Bryan Dodd,1
Hazel Torrie,Hazel Torrie,1
Arjuna Sky Kok,Arjuna Sky Kok,1
Mardani Ali Sera,Mardani Ali Sera,1
tvOnenews,tvOnenews,1
alya,alya,1
ganjarpranowoTr,ganjarpranowoTr,15
Info Jateng,Info Jateng,15
The Conversation Indonesia,The Conversation Indonesia,15
gerindra,gerindra,14
Don Muzakir,Don Muzakir,14
gibran_rakabumi,gibran_rakabumi,14
gibran_tweet,gibran_tweet,14
Novi78,Novi78,14
Goytiom Efrem,Goytiom Efrem,14
Generasi Muda NU,Generasi Muda NU,1
hasratsenja,hasratsenja,14
Veronica Kim,Veronica Kim,14
Ayu,Ayu,14
Mas Dar,Mas Dar,14
Kiseeki,Kiseeki,14
Bali United FC,Bali United FC,5
Eko Kuntadhi,Eko Kuntadhi,14
Ambrosius Mulait,Ambrosius Mulait,14
Helda Shahab,Helda Shahab,14
SAT SET,SAT SET,14
APTX4869,APTX4869,14
ZULkifli Hasan,ZULkifli Hasan,14
FADLI ZON,FADLI ZON,14
Prabowo Subianto,Prabowo Subianto,14
IG AlifKamal13,IG AlifKamal13,14
Ganjar -Mahfud,Ganjar -Mahfud,14
Nicho Silalahi,Nicho Silalahi,4
Riskand,Riskand,4
Buya Eson,Buya Eson,14
Langit Mahameru,Langit Mahameru,14
Gusman,Gusman,14
M Eddy Soeparno,M Eddy Soeparno,14
someone,someone,14
Zalindra,Zalindra,14
Chaves,Chaves,14
Merr Magda,Merr Magda,14
Anton Kurniawan,Anton Kurniawan,14
Fey,Fey,14
KontraS,KontraS,4
key,key,14
PRABOWO GIBRAN MENANG SATU PUTARAN,PRABOWO GIBRAN MENANG SATU PUTARAN,14
Dahnil A Simanjuntak,Dahnil A Simanjuntak,14
Partai Gerindra,Partai Gerindra,14
Esteh_manis,Esteh_manis,14
Haekal Rasyid,Haekal Rasyid,14
Pejuang Pak Bowo,Pejuang Pak Bowo,14
Waktunya Indonesia Maju,Waktunya Indonesia Maju,14
IG endykurniawan,IG endykurniawan,14
Aziz Ilham Aldhiaz,Aziz Ilham Aldhiaz,14
Optimus,Optimus,14
BebaskanFatiaHaris,BebaskanFatiaHaris,14
Lex Wu,Lex Wu,14
bachrizal muqorobin,bachrizal muqorobin,14
KRMT,KRMT,14
Rendy,Rendy,14
Brigadir JM,Brigadir JM,14
D.Wijaya,D.Wijaya,14
Mulyadi_Adi__,Mulyadi_Adi__,14
Gus Arifin,Gus Arifin,14
Arief Poyuono,Arief Poyuono,14
Rinaldi Malimin,Rinaldi Malimin,14
saiful mujani,saiful mujani,4
Baliboy007 Memecoin,Baliboy007 Memecoin,14
Budiman Sudjatmiko (IG: kelasinspirasibudiman),Budiman Sudjatmiko (IG: kelasinspirasibudiman),14
Erlan Dewani Azis Kadrun,Erlan Dewani Azis Kadrun,14
Muhammad Eko Prasetyo,Muhammad Eko Prasetyo,14
Andre Bangun,Andre Bangun,14
Rahmat Diantara,Rahmat Diantara,14
Michel Adam,Michel Adam,14
gibran_tweetTra,gibran_tweetTra,14
Jawa Pos Radar Solo,Jawa Pos Radar Solo,14
YoshY,YoshY,14
raraa,raraa,14
KARINA Drama Queen,KARINA Drama Queen,14
Pudji W Rahardjo,Pudji W Rahardjo,14
RakyatBekasi.Com,RakyatBekasi.Com,14
hary_tanoe,hary_tanoe,1
Buletin iNews GTV,Buletin iNews GTV,1
herry_zudianto,herry_zudianto,9
idextratime,idextratime,5
imanlagi,imanlagi,0
Adalah,Adalah,0
indikatorcoid,indikatorcoid,0
islah_bahrawi,islah_bahrawi,1
jokowi,jokowi,4
Anak ogi,Anak ogi,6
Sekretariat Kabinet,Sekretariat Kabinet,4
Radio Elshinta,Radio Elshinta,4
Bima Prawira Utama,Bima Prawira Utama,4
Nadirsyah Hosen,Nadirsyah Hosen,4
dr. Andi Khomeini Takdir,dr. Andi Khomeini Takdir,4
Herwin,Herwin,4
NdrewsTjan,NdrewsTjan,4
DPP Projo,DPP Projo,4
Yurisa Agustina Samosir,Yurisa Agustina Samosir,4
jokowiTranslate,jokowiTranslate,14
Pandji Pragiwaksono,Pandji Pragiwaksono,14
kaesangp,kaesangp,5
kedaipenacomTra,kedaipenacomTra,11
KedaiPenaCom,KedaiPenaCom,11
kementan,kementan,6
kikysaputrii,kikysaputrii,0
Gibran,Gibran,0
pagandeng,pagandeng,0
kompascom,kompascom,12
kurawa,kurawa,6
mohmahfu,mohmahfu,1
mohmahfudmd,mohmahfudmd,1
Alvin Lie,Alvin Lie,14
Ahmad Husain Fahasbu,Ahmad Husain Fahasbu,1
Muhidin M Dahlan,Muhidin M Dahlan,1
Beril Huliselan,Beril Huliselan,1
Teuku Mahfud,Teuku Mahfud,1
Murtadha,Murtadha,1
Dr. M. Fadjroel Rachman,Dr. M. Fadjroel Rachman,1
Raghunath sahu,Raghunath sahu,1
Irwan A Tajoedin,Irwan A Tajoedin,1
Dodo,Dodo,1
Voidotid,Voidotid,1
RUDI VALINKA,RUDI VALINKA,1
herisan,herisan,1
AirinNz_KembaliLagi,AirinNz_KembaliLagi,1
David Ridwan Betz,David Ridwan Betz,1
Jinar Saskara,Jinar Saskara,1
Bakul Tempe,Bakul Tempe,1
Nyai Jagat,Nyai Jagat,1
Faizal Assegaf,Faizal Assegaf,1
Mohamad Guntur Romli,Mohamad Guntur Romli,1
Tezar Raharja,Tezar Raharja,1
Nasrul Fatah,Nasrul Fatah,1
kopisufi,kopisufi,1
ina syahputri,ina syahputri,1
Basuki Noegroho,Basuki Noegroho,1
Azvya,Azvya,1
Kondang Merak,Kondang Merak,1
Yush,Yush,1
Habieb Selow,Habieb Selow,1
Eghar Anugrapaksi,Eghar Anugrapaksi,1
Voter Education,Voter Education,1
Zarry,Zarry,1
"Nur Wardhani, PhD, CPIA,""Nur Wardhani, PhD, CPIA"",1"
Husin Alwi,Husin Alwi,1
Rani Kancana,Rani Kancana,1
mohmahfudmdTran,mohmahfudmdTran,1
Panggil aja Purbo,Panggil aja Purbo,1
msaid_didu,msaid_didu,6
muhadklyacho,muhadklyacho,12
nanassiil,nanassiil,1
noire172,noire172,5
CEN666EK,CEN666EK,5
officialptdi,officialptdi,6
olpproject,olpproject,12
pandji,pandji,1
partaiperindo,partaiperindo,1
pindad,pindad,6
pkbbrebes,pkbbrebes,9
ponakannyaom,ponakannyaom,13
Urip Relax,Urip Relax,13
Box2Box Indonesia,Box2Box Indonesia,13
prabowo,prabowo,14
Fedi Nuril,Fedi Nuril,14
Dr Prabu Revolusi,Dr Prabu Revolusi,14
Mrs. Kiky,Mrs. Kiky,14
Ariza Patria,Ariza Patria,14
Anindya N. Bakrie,Anindya N. Bakrie,14
Miya,Miya,14
Ndon,Ndon,14
K_Ompu,K_Ompu,14
B. Prasetya,B. Prasetya,14
Ade Nurulianto,Ade Nurulianto,14
Lukman Simandjuntak,Lukman Simandjuntak,14
maspandam,maspandam,14
prabowoTranslat,prabowoTranslat,15
Susi Pudjiastuti,Susi Pudjiastuti,15
satriohendri,satriohendri,4
slankdotcom,slankdotcom,1
ANAKNYA PAK SANUSI,ANAKNYA PAK SANUSI,1
sociotalker,sociotalker,0
tempodotco,tempodotco,5
timpenguinnas,timpenguinnas,1
tni_ad,tni_ad,6
tomlembong,tomlembong,0
Daeng Rahing,Daeng Rahing,0
William A. Sarana,William A. Sarana,0
tribunnews,tribunnews,16
Tribun Jambi,Tribun Jambi,16
TribunAmbon.com,TribunAmbon.com,16
tribunnewsTrans,tribunnewsTrans,16
tvOneNews,tvOneNews,14
Lintang Singh,Lintang Singh,14
yennywahid,yennywahid,1
zainul_munas,zainul_munas,9
